Participant ID,Video file,Gloss,ASL-LEX Code,id,gender,age,identity,ASL level,ASL start age,region
P1,6508465822424006-THANK YOU.mp4,THANKYOU,H_02_053,P1,Female,20-29,HOH,3,19,West
P40,7535449770372906-THANK YOU.mp4,THANKYOU,H_02_053,P40,Male,20-29,DEAF,7,5,Northeast
P40,5082858473744953-NO.mp4,NO,C_03_041,P40,Male,20-29,DEAF,7,5,Northeast
P40,9404479880375034-BYE.mp4,BYE,E_01_058,P40,Male,20-29,DEAF,7,5,Northeast
P43,014439537236845323-THANK YOU.mp4,THANKYOU,H_02_053,P43,Male,20-29,DEAF,7,6,South
P43,5372668319999747-NO.mp4,NO,C_03_041,P43,Male,20-29,DEAF,7,6,South
P40,1555998439795525-YES.mp4,YES,G_03_074,P40,Male,20-29,DEAF,7,5,Northeast
P43,8852825102646966-BYE.mp4,BYE,E_01_058,P43,Male,20-29,DEAF,7,6,South
P40,0022932153577568393-HELLO.mp4,HELLO,D_02_055,P40,Male,20-29,DEAF,7,5,Northeast
P37,44146024789241256-YES.mp4,YES,G_03_074,P37,Male,30-39,DEAF,6,0,Northeast
P37,8486809407942575-HELLO.mp4,HELLO,D_02_055,P37,Male,30-39,DEAF,6,0,Northeast
P37,15769775934939156-THANK YOU.mp4,THANKYOU,H_02_053,P37,Male,30-39,DEAF,6,0,Northeast
P37,09714329486323847-NO.mp4,NO,C_03_041,P37,Male,30-39,DEAF,6,0,Northeast
P34,16728596536749274-YES.mp4,YES,G_03_074,P34,Male,20-29,DEAF,5,10,Northeast
P37,5723102083146778-BYE.mp4,BYE,E_01_058,P37,Male,30-39,DEAF,6,0,Northeast
P7,7613696736100914-HELLO.mp4,HELLO,D_02_055,P7,Female,30-39,DEAF,6,0,Northeast
P37,8699610978899361-YES.mp4,YES,G_03_074,P37,Male,30-39,DEAF,6,0,Northeast
P14,38970444942928073-YES.mp4,YES,G_03_074,P14,Female,20-29,DEAF,7,0,Northeast
P36,3919396171653571-NO.mp4,NO,C_03_041,P36,Male,20-29,DEAF,5,2,South
P36,048776623388550044-BYE.mp4,BYE,E_01_058,P36,Male,20-29,DEAF,5,2,South
P41,25802117645943423-HELLO.mp4,HELLO,D_02_055,P41,Male,20-29,DEAF,7,0,South
P2,021145910536055412-THANK YOU.mp4,THANKYOU,H_02_053,P2,Female,30-39,DEAF,5,2,Northeast
P2,7973429116215278-NO.mp4,NO,C_03_041,P2,Female,30-39,DEAF,5,2,Northeast
P16,0755679379568106-HELLO.mp4,HELLO,D_02_055,P16,Female,40-49,DEAF,7,0,South
P16,031705941185190545-THANK YOU.mp4,THANKYOU,H_02_053,P16,Female,40-49,DEAF,7,0,South
P16,2140134632834978-NO.mp4,NO,C_03_041,P16,Female,40-49,DEAF,7,0,South
P16,5974251648548923-BYE.mp4,BYE,E_01_058,P16,Female,40-49,DEAF,7,0,South
P46,9953610281521326-YES.mp4,YES,G_03_074,P46,Male,30-39,DEAF,7,5,Northeast
P50,7199140986089654-YES.mp4,YES,G_03_074,P50,Male,30-39,DEAF,7,17,Northeast
P50,6137110171725737-NO.mp4,NO,C_03_041,P50,Male,30-39,DEAF,7,17,Northeast
P50,9008261925178431-HELLO.mp4,HELLO,D_02_055,P50,Male,30-39,DEAF,7,17,Northeast
P50,0912245735671211-THANK YOU.mp4,THANKYOU,H_02_053,P50,Male,30-39,DEAF,7,17,Northeast
P50,9682333715513665-BYE.mp4,BYE,E_01_058,P50,Male,30-39,DEAF,7,17,Northeast
P14,06476990357042611-THANK YOU.mp4,THANKYOU,H_02_053,P14,Female,20-29,DEAF,7,0,Northeast
P14,370678413428154-NO.mp4,NO,C_03_041,P14,Female,20-29,DEAF,7,0,Northeast
P14,7072634397394595-BYE.mp4,BYE,E_01_058,P14,Female,20-29,DEAF,7,0,Northeast
P23,5309657970849855-NO.mp4,NO,C_03_041,P23,Female,30-39,DEAF,7,0,Northeast
P24,9009854854743657-YES.mp4,YES,G_03_074,P24,Female,20-29,DEAF,7,0,Midwest
P27,6528064521146906-THANK YOU.mp4,THANKYOU,H_02_053,P27,Female,20-29,DEAF,7,0,West
P10,8487114823108493-THANK YOU.mp4,THANKYOU,H_02_053,P10,Female,20-29,DEAF,6,13,Northeast
P27,9644130188424822-NO.mp4,NO,C_03_041,P27,Female,20-29,DEAF,7,0,West
P27,21550036390436733-BYE.mp4,BYE,E_01_058,P27,Female,20-29,DEAF,7,0,West
P30,7597723277213178-HELLO.mp4,HELLO,D_02_055,P30,Female,30-39,DEAF,7,0,Northeast
P31,709429051156695-YES.mp4,YES,G_03_074,P31,Female,60-69,DEAF,7,3,West
P29,9616432008129339-NO.mp4,NO,C_03_041,P29,Female,60-69,DEAF,7,0,South
P29,4327026387490418-BYE.mp4,BYE,E_01_058,P29,Female,60-69,DEAF,7,0,South
P31,11225598264242453-HELLO.mp4,HELLO,D_02_055,P31,Female,60-69,DEAF,7,3,West
P31,01379619951634381-NO.mp4,NO,C_03_041,P31,Female,60-69,DEAF,7,3,West
P31,516342335411355-BYE.mp4,BYE,E_01_058,P31,Female,60-69,DEAF,7,3,West
P29,1340650432799635-HELLO.mp4,HELLO,D_02_055,P29,Female,60-69,DEAF,7,0,South
P31,274897834577152-THANK YOU.mp4,THANKYOU,H_02_053,P31,Female,60-69,DEAF,7,3,West
P33,050364485120873326-YES.mp4,YES,G_03_074,P33,Male,70-79,DEAF,4,21,Northeast
P33,374824970052654-BYE.mp4,BYE,E_01_058,P33,Male,70-79,DEAF,4,21,Northeast
P33,8841964348021558-HELLO.mp4,HELLO,D_02_055,P33,Male,70-79,DEAF,4,21,Northeast
P33,39425766670939555-THANK YOU.mp4,THANKYOU,H_02_053,P33,Male,70-79,DEAF,4,21,Northeast
P33,7932042062420475-NO.mp4,NO,C_03_041,P33,Male,70-79,DEAF,4,21,Northeast
P29,15689453699180178-YES.mp4,YES,G_03_074,P29,Female,60-69,DEAF,7,0,South
P33,9729998715398667-BYE.mp4,BYE,E_01_058,P33,Male,70-79,DEAF,4,21,Northeast
P29,5932207271660643-THANK YOU.mp4,THANKYOU,H_02_053,P29,Female,60-69,DEAF,7,0,South
P29,9092689562509508-YES.mp4,YES,G_03_074,P29,Female,60-69,DEAF,7,0,South
P11,6448349493816601-HELLO.mp4,HELLO,D_02_055,P11,Female,30-39,DEAF,7,0,West
P11,6901051427765104-NO.mp4,NO,C_03_041,P11,Female,30-39,DEAF,7,0,West
P11,6785992819227267-BYE.mp4,BYE,E_01_058,P11,Female,30-39,DEAF,7,0,West
P11,15498675309554577-YES.mp4,YES,G_03_074,P11,Female,30-39,DEAF,7,0,West
P11,034197610787212396-THANK YOU.mp4,THANKYOU,H_02_053,P11,Female,30-39,DEAF,7,0,West
P51,9979731168048327-NO.mp4,NO,C_03_041,P51,Male,20-29,HOH,7,2,West
P51,081380748015633-HELLO.mp4,HELLO,D_02_055,P51,Male,20-29,HOH,7,2,West
P51,6912280773625425-THANK YOU.mp4,THANKYOU,H_02_053,P51,Male,20-29,HOH,7,2,West
P27,32941176670637984-YES.mp4,YES,G_03_074,P27,Female,20-29,DEAF,7,0,West
P27,5254351100197965-HELLO.mp4,HELLO,D_02_055,P27,Female,20-29,DEAF,7,0,West
P27,011053589241707185-BYE.mp4,BYE,E_01_058,P27,Female,20-29,DEAF,7,0,West
P12,05614933522741539-HELLO.mp4,HELLO,D_02_055,P12,Female,20-29,DEAF,7,0,Northeast
P21,8323715285073319-NO.mp4,NO,C_03_041,P21,Female,30-39,DEAF,7,0,Northeast
P21,9161842981344352-YES.mp4,YES,G_03_074,P21,Female,30-39,DEAF,7,0,Northeast
P21,0006320057552187119-THANK YOU.mp4,THANKYOU,H_02_053,P21,Female,30-39,DEAF,7,0,Northeast
P21,8779944008396092-BYE.mp4,BYE,E_01_058,P21,Female,30-39,DEAF,7,0,Northeast
P39,9710569622157019-BYE.mp4,BYE,E_01_058,P39,Male,30-39,DEAF,6,8,Northeast
P21,20675411351630046-HELLO.mp4,HELLO,D_02_055,P21,Female,30-39,DEAF,7,0,Northeast
P21,9715589334909431-YES.mp4,YES,G_03_074,P21,Female,30-39,DEAF,7,0,Northeast
P39,42327270691916885-YES.mp4,YES,G_03_074,P39,Male,30-39,DEAF,6,8,Northeast
P39,16493550450776628-HELLO.mp4,HELLO,D_02_055,P39,Male,30-39,DEAF,6,8,Northeast
P39,4656606080155459-NO.mp4,NO,C_03_041,P39,Male,30-39,DEAF,6,8,Northeast
P39,16870669316247833-THANK YOU.mp4,THANKYOU,H_02_053,P39,Male,30-39,DEAF,6,8,Northeast
P39,26056519285644875-YES.mp4,YES,G_03_074,P39,Male,30-39,DEAF,6,8,Northeast
P26,7976564165646398-THANK YOU.mp4,THANKYOU,H_02_053,P26,Female,30-39,DEAF,7,18,Northeast
P26,8079226457278508-NO.mp4,NO,C_03_041,P26,Female,30-39,DEAF,7,18,Northeast
P26,020030442376253177-HELLO.mp4,HELLO,D_02_055,P26,Female,30-39,DEAF,7,18,Northeast
P26,2889010159260097-BYE.mp4,BYE,E_01_058,P26,Female,30-39,DEAF,7,18,Northeast
P26,8977694836593926-YES.mp4,YES,G_03_074,P26,Female,30-39,DEAF,7,18,Northeast
P42,9701695309294336-THANK YOU.mp4,THANKYOU,H_02_053,P42,Male,30-39,DEAF,7,0,West
P42,46074251080029494-NO.mp4,NO,C_03_041,P42,Male,30-39,DEAF,7,0,West
P42,36995928249155363-BYE.mp4,BYE,E_01_058,P42,Male,30-39,DEAF,7,0,West
P35,029563612799205163-YES.mp4,YES,G_03_074,P35,Male,20-29,DEAF,5,19,Midwest
P35,9203138462369036-HELLO.mp4,HELLO,D_02_055,P35,Male,20-29,DEAF,5,19,Midwest
P6,9042145214602195-HELLO.mp4,HELLO,D_02_055,P6,Female,30-39,DEAF,6,19,Northeast
P35,6936836055005255-THANK YOU.mp4,THANKYOU,H_02_053,P35,Male,20-29,DEAF,5,19,Midwest
P35,8920807082520505-NO.mp4,NO,C_03_041,P35,Male,20-29,DEAF,5,19,Midwest
P6,25130175957831113-THANK YOU.mp4,THANKYOU,H_02_053,P6,Female,30-39,DEAF,6,19,Northeast
P35,5023793115629094-BYE.mp4,BYE,E_01_058,P35,Male,20-29,DEAF,5,19,Midwest
P6,3247833356457248-NO.mp4,NO,C_03_041,P6,Female,30-39,DEAF,6,19,Northeast
P6,38351738059429663-BYE.mp4,BYE,E_01_058,P6,Female,30-39,DEAF,6,19,Northeast
P42,9441415075906014-HELLO.mp4,HELLO,D_02_055,P42,Male,30-39,DEAF,7,0,West
P6,09905526235759088-YES.mp4,YES,G_03_074,P6,Female,30-39,DEAF,6,19,Northeast
P15,9605571410103191-YES.mp4,YES,G_03_074,P15,Female,50-59,DEAF,7,0,Midwest
P15,7648996670040624-HELLO.mp4,HELLO,D_02_055,P15,Female,50-59,DEAF,7,0,Midwest
P15,09460259361998125-THANK YOU.mp4,THANKYOU,H_02_053,P15,Female,50-59,DEAF,7,0,Midwest
P15,7525332129995586-NO.mp4,NO,C_03_041,P15,Female,50-59,DEAF,7,0,Midwest
P15,9133589855079114-BYE.mp4,BYE,E_01_058,P15,Female,50-59,DEAF,7,0,Midwest
P18,541403296602635-YES.mp4,YES,G_03_074,P18,Female,60-69,DEAF,7,0,Northeast
P18,7076961883712545-HELLO.mp4,HELLO,D_02_055,P18,Female,60-69,DEAF,7,0,Northeast
P47,08583141071601874-THANK YOU.mp4,THANKYOU,H_02_053,P47,Male,60-69,DEAF,7,2,West
P15,936211950052861-THANK YOU.mp4,THANKYOU,H_02_053,P15,Female,50-59,DEAF,7,0,Midwest
P47,5278795760893484-NO.mp4,NO,C_03_041,P47,Male,60-69,DEAF,7,2,West
P18,9962081495357855-THANK YOU.mp4,THANKYOU,H_02_053,P18,Female,60-69,DEAF,7,0,Northeast
P47,6225526845167895-BYE.mp4,BYE,E_01_058,P47,Male,60-69,DEAF,7,2,West
P18,08228267952066615-NO.mp4,NO,C_03_041,P18,Female,60-69,DEAF,7,0,Northeast
P18,31198466578073125-BYE.mp4,BYE,E_01_058,P18,Female,60-69,DEAF,7,0,Northeast
P47,41279108584600577-YES.mp4,YES,G_03_074,P47,Male,60-69,DEAF,7,2,West
P47,8364377695946923-HELLO.mp4,HELLO,D_02_055,P47,Male,60-69,DEAF,7,2,West
P18,16501735528077632-HELLO.mp4,HELLO,D_02_055,P18,Female,60-69,DEAF,7,0,Northeast
P47,7027473793210652-HELLO.mp4,HELLO,D_02_055,P47,Male,60-69,DEAF,7,2,West
P48,7442618628569746-YES.mp4,YES,G_03_074,P48,Male,,DEAF,7,19,Northeast
P48,9542027365188674-NO.mp4,NO,C_03_041,P48,Male,,DEAF,7,19,Northeast
P17,17487361670794144-BYE.mp4,BYE,E_01_058,P17,Female,20-29,DEAF,7,2,South
P49,2223181186410932-BYE.mp4,BYE,E_01_058,P49,Male,50-59,DEAF,7,7,Northeast
P48,6825474983576931-BYE.mp4,BYE,E_01_058,P48,Male,,DEAF,7,19,Northeast
P49,5327840336837257-YES.mp4,YES,G_03_074,P49,Male,50-59,DEAF,7,7,Northeast
P48,7057474129672285-THANK YOU.mp4,THANKYOU,H_02_053,P48,Male,,DEAF,7,19,Northeast
P49,2732741727030885-NO.mp4,NO,C_03_041,P49,Male,50-59,DEAF,7,7,Northeast
P49,3283413810240037-HELLO.mp4,HELLO,D_02_055,P49,Male,50-59,DEAF,7,7,Northeast
P49,35156313213734314-THANK YOU.mp4,THANKYOU,H_02_053,P49,Male,50-59,DEAF,7,7,Northeast
P48,5339916560192981-HELLO.mp4,HELLO,D_02_055,P48,Male,,DEAF,7,19,Northeast
P9,7472491282176557-HELLO.mp4,HELLO,D_02_055,P9,Female,60-69,DEAF,6,21,Northeast
P22,16270426237316316-THANK YOU.mp4,THANKYOU,H_02_053,P22,Female,30-39,DEAF,7,0,West
P9,6788237257016723-THANK YOU.mp4,THANKYOU,H_02_053,P9,Female,60-69,DEAF,6,21,Northeast
P22,05574938180658928-YES.mp4,YES,G_03_074,P22,Female,30-39,DEAF,7,0,West
P22,5911924789322505-HELLO.mp4,HELLO,D_02_055,P22,Female,30-39,DEAF,7,0,West
P22,6645554412949413-NO.mp4,NO,C_03_041,P22,Female,30-39,DEAF,7,0,West
P9,5328649685588343-NO.mp4,NO,C_03_041,P9,Female,60-69,DEAF,6,21,Northeast
P9,4578901677582461-BYE.mp4,BYE,E_01_058,P9,Female,60-69,DEAF,6,21,Northeast
P9,7199652013477922-YES.mp4,YES,G_03_074,P9,Female,60-69,DEAF,6,21,Northeast
P22,32542343160867326-BYE.mp4,BYE,E_01_058,P22,Female,30-39,DEAF,7,0,West
P9,5018242902938022-HELLO.mp4,HELLO,D_02_055,P9,Female,60-69,DEAF,6,21,Northeast
P17,7931075492698656-NO.mp4,NO,C_03_041,P17,Female,20-29,DEAF,7,2,South
P17,9782863224987515-YES.mp4,YES,G_03_074,P17,Female,20-29,DEAF,7,2,South
P17,1789715889624135-HELLO.mp4,HELLO,D_02_055,P17,Female,20-29,DEAF,7,2,South
P17,4624064779710624-THANK YOU.mp4,THANKYOU,H_02_053,P17,Female,20-29,DEAF,7,2,South
P17,5631016440125773-BYE.mp4,BYE,E_01_058,P17,Female,20-29,DEAF,7,2,South
